{
    "$schema": "http://schema.management.azure.com/schemas/2014-04-01-preview/deploymentTemplate.json#",
    "contentVersion": "1.0.0.1",
    "parameters": {
        "instancename": {
            "type": "string"
        },
	"sku": {
            "type": "string"
        },
	"pwd": {
            "type": "securestring"
        }
    },
    "resources": [
        {
            "name": "[parameters('instancename')]",
            "location": "westus",
            "sku": {
                "name": "[parameters('sku')]"
            },
            "properties": {
                "administratorLogin": "<sqluser>",
                "administratorLoginPassword": "[parameters('pwd')]",
                "subnetId": "/subscriptions/<subscriptionid>/resourceGroups/<rgname>/providers/Microsoft.Network/virtualNetworks/<vnetname>/subnets/<subnetname>",
                "storageSizeInGB": "32",
                "vCores": "8",
                "licenseType": "BasePrice"
            },
            "type": "Microsoft.Sql/managedInstances",
            "identity": {
                "type": "SystemAssigned"
            },
            "apiVersion": "2015-05-01-preview"
        }
    ]
}

